{"R": 112.54968089989009, "G": 115.05328096779444, "B": 115.05328096779444}